Tipo de Reporte;Matricula;Aeródromo;Data;Hora ;Fase do Voo;Efeito no voo
AVISTAMENTO;FAB1925;SBYS;03/10/2019;08:10;Aproximação;Nenhum
AVISTAMENTO;PRUDS;SBUR;03/10/2019;17:00;Aproximação;Nenhum
AVISTAMENTO;;SBSP;03/10/2019;09:35;Revisão de pista;Nenhum
AVISTAMENTO;;SBUL;03/10/2019;15:30;Inspeção de trânsito/intervoo;Nenhum
AVISTAMENTO;;SBBH;02/10/2019;13:33;Aproximação;Não reportada
AVISTAMENTO;;SBSP;02/10/2019;09:48;Revisão de pista;Nenhum
AVISTAMENTO;;SBLO;02/10/2019;20:22;Revisão de pista;Não reportada
QUASE COLISÃO;FAB2590;SBRJ;02/10/2019;13:20;Pouso;outros
AVISTAMENTO;4837;SBCO;01/10/2019;12:30;Decolagem;Nenhum
AVISTAMENTO;1850;SBYS;01/10/2019;14:00;Descida;Nenhum
AVISTAMENTO;TAM3012;SBCT;01/10/2019;16:55;Decolagem;Nenhum
AVISTAMENTO;1953;SBYS;01/10/2019;15:10;Aproximação;Nenhum
AVISTAMENTO;;SBYS;01/10/2019;13:55;Inspeção de trânsito/intervoo;Nenhum
AVISTAMENTO;;SBSP;01/10/2019;09:52;Revisão de pista;Nenhum
AVISTAMENTO;FAB5919;SBNT;01/10/2019;12:11;NBA;Nenhum
AVISTAMENTO;FAB1967;SBYS;01/10/2019;14:30;Aproximação;Nenhum
AVISTAMENTO;FAB1965;SBYS;01/10/2019;10:15;Decolagem;Nenhum
AVISTAMENTO;FAB4848;SBAN;01/10/2019;13:00;Subida;Nenhum
AVISTAMENTO;FAB2019;SNOX;01/10/2019;13:00;Aproximação;Nenhum
AVISTAMENTO;PRMTQ;SBJR;30/09/2019;08:07;Decolagem;Não reportada
AVISTAMENTO;FAB1836;SBYS;30/09/2019;09:10;Aproximação;Nenhum
AVISTAMENTO;PRADL;SBMO;30/09/2019;14:47;Aproximação;Nenhum
QUASE COLISÃO;PTMEC;SBPV;30/09/2019;10:04;Aproximação;outros
AVISTAMENTO;;SBSP;30/09/2019;09:46;Revisão de pista;Nenhum
AVISTAMENTO;;SBDN;29/09/2019;07:51;Revisão de pista;Nenhum
AVISTAMENTO;6052;SBPA;29/09/2019;07:58;Táxi;Nenhum
QUASE COLISÃO;PRWDA;SDAI;29/09/2019;09:40;Aproximação;Nenhum
QUASE COLISÃO;PUDSL;SBJC;29/09/2019;11:25;Pouso;outros
AVISTAMENTO;;SBSP;29/09/2019;09:42;Revisão de pista;Nenhum
AVISTAMENTO;;SBSP;29/09/2019;15:00;Revisão de pista;Nenhum
AVISTAMENTO;PRYYR;SBCF;29/09/2019;23:39;Pouso;Nenhum
AVISTAMENTO;;SBBE;29/09/2019;11:00;Revisão de pista;Nenhum
AVISTAMENTO;PTRUO;SBCZ;28/09/2019;11:07;Descida;Nenhum
AVISTAMENTO;2017;SBAR;28/09/2019;17:50;Decolagem;Nenhum
AVISTAMENTO;;SBSP;28/09/2019;10:19;Revisão de pista;Nenhum
AVISTAMENTO;;SBBE;28/09/2019;09:20;Revisão de pista;Nenhum
AVISTAMENTO;AZU5454;SBIL;28/09/2019;11:37;Pouso;Não reportada
AVISTAMENTO;PRVBX;SBRB;28/09/2019;21:00;Pouso;Nenhum
AVISTAMENTO;;SBKP;28/09/2019;21:36;Revisão de pista;Nenhum
AVISTAMENTO;FAB1891;SBYS;27/09/2019;13:50;Decolagem;Nenhum
AVISTAMENTO;PRPLO;SBBH;27/09/2019;15:03;Aproximação;Não reportada
AVISTAMENTO;;SBRF;27/09/2019;06:00;Revisão de pista;Nenhum
AVISTAMENTO;PRAKA;SBPA;27/09/2019;07:29;Pouso;Nenhum
AVISTAMENTO;PTMGS;SBBH;27/09/2019;12:49;Aproximação;Nenhum
AVISTAMENTO;PRLCV;SBAR;27/09/2019;11:59;Aproximação;Nenhum
AVISTAMENTO;;SBSP;27/09/2019;08:58;Revisão de pista;Nenhum
COLISÃO;GLO2172;SBCJ;27/09/2019;12:40;Revisão de pista;Nenhum
AVISTAMENTO;PRAQP;SBUL;27/09/2019;16:42;Pouso;Nenhum
AVISTAMENTO;;SBSP;27/09/2019;15:57;Revisão de pista;Nenhum
AVISTAMENTO;1967;SBYS;27/09/2019;16:40;Cruzeiro;Nenhum
AVISTAMENTO;FAB5901;SBNT;27/09/2019;10:12;NBA;Nenhum
AVISTAMENTO;;SBSP;26/09/2019;16:40;Revisão de pista;Nenhum
AVISTAMENTO;;SBSP;26/09/2019;09:39;Revisão de pista;Nenhum
AVISTAMENTO;PTPVH;SBBE;26/09/2019;15:07;Aproximação;Nenhum
QUASE COLISÃO;PRGBI;SBBE;26/09/2019;16:19;Aproximação;Desestabilização na aproximação
COLISÃO;5944;SBPV;26/09/2019;13:20;Aproximação;Pouso de precaução
AVISTAMENTO;FAB7106;SBCO;26/09/2019;18:00;Decolagem;Nenhum
AVISTAMENTO;FAB5901;SBNT;26/09/2019;08:15;NBA;Nenhum
AVISTAMENTO;;SBSP;25/09/2019;09:32;Revisão de pista;Nenhum
AVISTAMENTO;PRRMI;SWLB;25/09/2019;09:42;Subida;Nenhum
AVISTAMENTO;;SBSP;25/09/2019;16:26;Revisão de pista;Nenhum
AVISTAMENTO;PRGUL;SBSV;25/09/2019;10:36;Pouso;Nenhum
AVISTAMENTO;2172;SBCJ;25/09/2019;13:07;Decolagem;Nenhum
COLISÃO;5938;SBBV;24/09/2019;09:11;NBA;Pouso de precaução
AVISTAMENTO;;SBSP;24/09/2019;10:03;Revisão de pista;Nenhum
AVISTAMENTO;PRMBV;SBNF;24/09/2019;19:23;Pouso;Nenhum
AVISTAMENTO;FAB1948;SBYS;24/09/2019;13:40;Pouso;Nenhum
AVISTAMENTO;2318;SBNT;24/09/2019;07:50;Aproximação;Nenhum
AVISTAMENTO;1836;SBYS;24/09/2019;12:00;Táxi;Nenhum
AVISTAMENTO;FAB5506;SBSM;24/09/2019;08:30;Aproximação;Nenhum
AVISTAMENTO;FAB2338;SBLS;23/09/2019;06:31;Decolagem;Não reportada
AVISTAMENTO;;SBRP;23/09/2019;07:55;Revisão de pista;Nenhum
AVISTAMENTO;;SBBH;23/09/2019;11:33;Aproximação;Não reportada
AVISTAMENTO;PREFX;SBCB;23/09/2019;11:33;Pouso;Nenhum
AVISTAMENTO;;SBCB;23/09/2019;17:36;Decolagem;Nenhum
AVISTAMENTO;;SBSP;23/09/2019;15:39;Revisão de pista;Nenhum
AVISTAMENTO;;SBSP;23/09/2019;15:39;Revisão de pista;Nenhum
QUASE COLISÃO;FAB4856;SBAN;23/09/2019;15:55;Subida;outros
AVISTAMENTO;;SBYS;23/09/2019;16:40;Revisão de pista;Nenhum
AVISTAMENTO;;SBBE;23/09/2019;08:15;Revisão de pista;Nenhum
AVISTAMENTO;PRGTE;SBFL;22/09/2019;09:39;Decolagem;Nenhum
AVISTAMENTO;PREAE;SBME;22/09/2019;12:12;Subida;Nenhum
COLISÃO;PRGGK;SBGL;22/09/2019;10:57;Pouso;Nenhum
AVISTAMENTO;;SBRF;22/09/2019;06:00;Revisão de pista;Nenhum
QUASE COLISÃO;GLO2092;SBCT;22/09/2019;21:50;Aproximação;outros
AVISTAMENTO;;SBSP;22/09/2019;16:21;Revisão de pista;Nenhum
AVISTAMENTO;FAB2736;SBTF;22/09/2019;13:10;Subida;Nenhum
AVISTAMENTO;;SBMT;22/09/2019;11:28;Revisão de pista;Nenhum
AVISTAMENTO;PRGZF;SBGR;21/09/2019;06:42;Táxi;Não reportada
AVISTAMENTO;PTWLH;SBRP;21/09/2019;11:07;Decolagem;Nenhum
AVISTAMENTO;;SBRF;21/09/2019;11:00;Revisão de pista;Nenhum
AVISTAMENTO;PPAJI;SBDN;21/09/2019;14:42;Subida;Nenhum
AVISTAMENTO;;SBSP;21/09/2019;15:28;Revisão de pista;Nenhum
AVISTAMENTO;7201;SBES;21/09/2019;14:00;Aproximação;Nenhum
AVISTAMENTO;7201;SBES;21/09/2019;12:30;Decolagem;Nenhum
AVISTAMENTO;1022;SBES;21/09/2019;15:30;Aproximação;Nenhum
AVISTAMENTO;N1022;SBES;21/09/2019;17:00;Cruzeiro;Nenhum
AVISTAMENTO;;SBBV;21/09/2019;13:15;Aproximação;Nenhum
AVISTAMENTO;;SBBI;21/09/2019;06:30;Revisão de pista;Nenhum
AVISTAMENTO;;SBSP;20/09/2019;10:33;Revisão de pista;Nenhum
COLISÃO;8901;SBCG;20/09/2019;08:20;Pouso;Pouso de precaução
AVISTAMENTO;PTAMP;SBBH;20/09/2019;14:23;Decolagem;Nenhum
AVISTAMENTO;;SBUL;20/09/2019;17:30;Revisão de pista;Nenhum
AVISTAMENTO;PTXPJ;SBPA;20/09/2019;19:45;Táxi;Nenhum
AVISTAMENTO;PRWSG;SBCB;19/09/2019;09:24;Pouso;Nenhum
AVISTAMENTO;PTXOI;SBBV;19/09/2019;09:39;Decolagem;Nenhum
AVISTAMENTO;PRVFC;SBBH;19/09/2019;15:11;Aproximação;Nenhum
AVISTAMENTO;PRAMU;SBBH;19/09/2019;15:16;Pouso;Nenhum
QUASE COLISÃO;FAB2582;SBBE;19/09/2019;10:10;Pouso;Desestabilização na aproximação,outros
AVISTAMENTO;PRSEC;SBME;19/09/2019;15:57;Aproximação;Não reportada
AVISTAMENTO;;SBSP;19/09/2019;10:39;Revisão de pista;Nenhum
AVISTAMENTO;PTOZJ;SBSL;19/09/2019;16:30;Decolagem;Nenhum
AVISTAMENTO;;SBSP;19/09/2019;15:46;Revisão de pista;Nenhum
QUASE COLISÃO;PTWOT;SBFZ;19/09/2019;13:25;Táxi;Nenhum
AVISTAMENTO;;SBBE;19/09/2019;22:17;Revisão de pista;Nenhum
AVISTAMENTO;;SBRF;18/09/2019;06:00;Revisão de pista;Nenhum
QUASE COLISÃO;PRBTT;SBIL;18/09/2019;11:11;Pouso;outros
AVISTAMENTO;;SBKP;18/09/2019;16:10;Revisão de pista;Nenhum
AVISTAMENTO;;SBSP;18/09/2019;10:46;Revisão de pista;Nenhum
AVISTAMENTO;NIL;SBRJ;18/09/2019;10:41;Pouso;Nenhum
AVISTAMENTO;;SBBV;18/09/2019;09:05;Decolagem;outros
AVISTAMENTO;;SBKP;18/09/2019;14:23;Revisão de pista;Nenhum
AVISTAMENTO;;SBRF;17/09/2019;06:00;Revisão de pista;Nenhum
AVISTAMENTO;;SBSP;17/09/2019;09:37;Revisão de pista;Nenhum
AVISTAMENTO;PPNMM;SBRJ;17/09/2019;11:12;Aproximação;Nenhum
AVISTAMENTO;PRGGD;SBBE;17/09/2019;05:55;Decolagem;Nenhum
AVISTAMENTO;;SBKP;17/09/2019;03:55;Revisão de pista;Nenhum
AVISTAMENTO;7201;SBES;17/09/2019;08:30;Decolagem;Nenhum
AVISTAMENTO;PRCHQ;SBME;16/09/2019;07:54;Aproximação;Não reportada
AVISTAMENTO;PPOLA;SBBE;16/09/2019;10:05;Decolagem;Nenhum
COLISÃO;GLO1565;SBSP;16/09/2019;10:20;Pouso;Pouso de precaução
COLISÃO;PRAQI;SBPA;16/09/2019;11:17;Táxi;Não reportada
AVISTAMENTO;FAB4839;SBAN;16/09/2019;13:30;Aproximação;Nenhum
AVISTAMENTO;PPBIO;SBBH;16/09/2019;17:35;Descida;Nenhum
AVISTAMENTO;;SBSP;16/09/2019;07:26;Revisão de pista;Nenhum
AVISTAMENTO;PTNXG;SBIL;16/09/2019;09:30;Táxi;Nenhum
AVISTAMENTO;;SBJU;16/09/2019;09:00;Revisão de pista;Nenhum
AVISTAMENTO;2318;SNXX;16/09/2019;09:00;Aproximação;Nenhum
QUASE COLISÃO;FAB2318;SNXX;16/09/2019;09:05;Aproximação;Desestabilização na aproximação
AVISTAMENTO;PTKIW;SBBH;15/09/2019;13:54;Pouso;Nenhum
AVISTAMENTO;AZU2624;SBRP;15/09/2019;15:17;Táxi;Nenhum
AVISTAMENTO;;SBSP;15/09/2019;10:00;Revisão de pista;Nenhum
AVISTAMENTO;;SBSP;15/09/2019;16:20;Revisão de pista;Nenhum
AVISTAMENTO;PRTKJ;SBKP;15/09/2019;16:18;Revisão de pista;Nenhum
QUASE COLISÃO;PTKDD;SBJD;15/09/2019;08:40;Decolagem;outros
AVISTAMENTO;;SBMA;14/09/2019;03:46;Revisão de pista;Nenhum
AVISTAMENTO;;SBSP;14/09/2019;11:35;Revisão de pista;Nenhum
AVISTAMENTO;;SBBV;13/09/2019;09:00;Aproximação;Nenhum
AVISTAMENTO;;SBBV;13/09/2019;09:10;Aproximação;Nenhum
QUASE COLISÃO;FAB5927;SBBV;13/09/2019;08:50;Aproximação;Desestabilização na aproximação
AVISTAMENTO;PTLIF;SBBH;13/09/2019;10:00;Aproximação;Não reportada
AVISTAMENTO;PPNLX;SBCB;13/09/2019;11:57;Pouso;Nenhum
AVISTAMENTO;;SBBH;13/09/2019;16:14;Aproximação;Não reportada
AVISTAMENTO;PRSEO;SBME;13/09/2019;14:24;Aproximação;Nenhum
QUASE COLISÃO;PTMEC;SBPV;13/09/2019;10:04;Aproximação;Desestabilização na aproximação
COLISÃO;PRAXW;SBAR;13/09/2019;04:00;Táxi;Nenhum
AVISTAMENTO;PTMEC;SBPV;13/09/2019;10:05;Pouso;Nenhum
AVISTAMENTO;;SBSP;13/09/2019;06:57;Revisão de pista;Nenhum
AVISTAMENTO;;SBSP;13/09/2019;16:54;Revisão de pista;Nenhum
AVISTAMENTO;PRGUD;SBNF;13/09/2019;07:16;Pouso;Nenhum
AVISTAMENTO;;SBKP;13/09/2019;17:05;Revisão de pista;Nenhum
QUASE COLISÃO;5952;SBNT;13/09/2019;14:25;NBA;Nenhum
AVISTAMENTO;PRLCQ;SBVT;12/09/2019;07:32;Aproximação;Nenhum
AVISTAMENTO;PTOOV;SBBH;12/09/2019;09:06;Descida;Nenhum
AVISTAMENTO;PRHGR;SBFL;12/09/2019;11:18;Aproximação;Nenhum
QUASE COLISÃO;FAB4865;SBGL;12/09/2019;10:10;Aproximação;Desestabilização na aproximação
AVISTAMENTO;NIL;SBSJ;12/09/2019;08:28;Revisão de pista;Nenhum
AVISTAMENTO;;SBGL;12/09/2019;09:00;Revisão de pista;Nenhum
AVISTAMENTO;;SBCT;12/09/2019;04:13;Revisão de pista;Nenhum
COLISÃO;PRGUC;SBVT;12/09/2019;20:48;Decolagem;Nenhum
QUASE COLISÃO;FAB5927;SBBV;12/09/2019;12:50;Aproximação;Desestabilização na aproximação
AVISTAMENTO;;SBSP;12/09/2019;09:59;Revisão de pista;Nenhum
AVISTAMENTO;;SBSP;12/09/2019;17:18;Revisão de pista;Nenhum
AVISTAMENTO;AZU4118;SBIL;12/09/2019;15:10;Pouso;Nenhum
AVISTAMENTO;PRSEO;SBME;11/09/2019;09:25;Aproximação;Não reportada
AVISTAMENTO;;SBBV;11/09/2019;08:40;Aproximação;Nenhum
COLISÃO;PRBBE;SBCT;11/09/2019;19:05;Decolagem;Pouso de precaução
AVISTAMENTO;ASVERD;SBPV;11/09/2019;14:38;Pouso;Nenhum
AVISTAMENTO;;SBSP;11/09/2019;09:08;Revisão de pista;Nenhum
AVISTAMENTO;;SBSP;11/09/2019;16:31;Revisão de pista;Nenhum
AVISTAMENTO;PRAXI;SBLO;11/09/2019;10:30;Pouso;Nenhum
QUASE COLISÃO;1008;SBES;11/09/2019;10:45;Pouso;Desestabilização na aproximação
AVISTAMENTO;PRANZ;SBKP;11/09/2019;17:05;Revisão de pista;Nenhum
AVISTAMENTO;1948;SBYS;11/09/2019;08:10;Táxi;Nenhum
AVISTAMENTO;;SBCR;11/09/2019;06:20;Revisão de pista;Nenhum
AVISTAMENTO;PTJBL;SBJC;10/09/2019;09:36;Decolagem;Não reportada
AVISTAMENTO;PPAMZ;SBBE;10/09/2019;10:45;Aproximação;Nenhum
AVISTAMENTO;ESC204;SBBV;10/09/2019;10:18;Decolagem;Nenhum
AVISTAMENTO;PRSEO;SBME;10/09/2019;17:32;Aproximação;Nenhum
AVISTAMENTO;;SBSP;10/09/2019;08:49;Revisão de pista;Nenhum
AVISTAMENTO;ASVERMELHO;SBPV;10/09/2019;19:38;Decolagem;Nenhum
AVISTAMENTO;;SBSP;10/09/2019;16:03;Revisão de pista;Nenhum
AVISTAMENTO;;SBKP;10/09/2019;07:34;Revisão de pista;Nenhum
AVISTAMENTO;FAB5944;SBPV;10/09/2019;15:15;Aproximação;Nenhum
AVISTAMENTO;;SBLO;10/09/2019;15:00;Revisão de pista;Não reportada
AVISTAMENTO;PTMXP;SBSV;10/09/2019;18:21;Decolagem;Nenhum
QUASE COLISÃO;1008;SBES;10/09/2019;14:45;Pouso;outros
AVISTAMENTO;1910;SBYS;10/09/2019;08:10;Decolagem;Nenhum
AVISTAMENTO;ESCCINZA;SBBV;09/09/2019;09:45;Pouso;Nenhum
AVISTAMENTO;PRBCO;SBBV;09/09/2019;15:43;Aproximação;Nenhum
AVISTAMENTO;;SBSP;09/09/2019;08:48;Revisão de pista;Nenhum
AVISTAMENTO;;SBSP;09/09/2019;14:26;Revisão de pista;Nenhum
AVISTAMENTO;7058;SBMN;09/09/2019;14:30;Decolagem;Nenhum
QUASE COLISÃO;PTMEC;SBPV;09/09/2019;09:52;Aproximação;Desestabilização na aproximação
AVISTAMENTO;FAB5936;SBPV;09/09/2019;13:15;Aproximação;Nenhum
AVISTAMENTO;FAB5928;SBPV;09/09/2019;11:10;Aproximação;Nenhum
QUASE COLISÃO;;SBPV;09/09/2019;11:10;Aproximação;Desestabilização na aproximação
QUASE COLISÃO;5901;SBNT;09/09/2019;14:20;Aproximação;outros
AVISTAMENTO;5901;SBNT;09/09/2019;12:40;NBA;Nenhum
AVISTAMENTO;;SBRF;08/09/2019;06:00;Revisão de pista;Nenhum
AVISTAMENTO;PRAXH;SBBE;08/09/2019;08:57;Decolagem;Nenhum
COLISÃO;;SBNF;08/09/2019;07:15;Revisão de pista;Nenhum
AVISTAMENTO;PTONP;SBUR;08/09/2019;17:00;Decolagem;Nenhum
AVISTAMENTO;PRSEC;SBME;08/09/2019;14:35;Aproximação;Nenhum
AVISTAMENTO;;SBSP;08/09/2019;14:37;Revisão de pista;Nenhum
AVISTAMENTO;PRXTH;SBGR;08/09/2019;16:55;Descida;Nenhum
AVISTAMENTO;PTGMR;SBIL;08/09/2019;12:54;Pouso;Nenhum
AVISTAMENTO;;SBRF;07/09/2019;06:00;Revisão de pista;Nenhum
AVISTAMENTO;PPNLX;9PTY;07/09/2019;07:40;Pouso;Nenhum
AVISTAMENTO;PRSHC;SBBH;07/09/2019;13:40;Descida;Nenhum
AVISTAMENTO;PRATV;SBFN;07/09/2019;11:50;Aproximação;Nenhum
AVISTAMENTO;;SBMT;07/09/2019;12:28;Revisão de pista;Nenhum
AVISTAMENTO;;SBSP;07/09/2019;16:18;Revisão de pista;Nenhum
QUASE COLISÃO;2020;SBRF;07/09/2019;12:45;Aproximação;Desestabilização na aproximação
AVISTAMENTO;FAB1948;SBYS;06/09/2019;11:50;Descida;Nenhum
AVISTAMENTO;;SBCT;06/09/2019;04:29;Revisão de pista;Não reportada
AVISTAMENTO;;SBCT;06/09/2019;04:25;Revisão de pista;Nenhum
AVISTAMENTO;FAB1905;SBYS;06/09/2019;11:15;Aproximação;Nenhum
QUASE COLISÃO;FAB1967;SBYS;06/09/2019;12:30;Aproximação;Desestabilização na aproximação
QUASE COLISÃO;FAB1967;SBYS;06/09/2019;12:35;Aproximação;Desestabilização na aproximação
QUASE COLISÃO;FAB8903;SBCG;06/09/2019;15:00;Aproximação;outros
AVISTAMENTO;PRYRJ;SBKP;06/09/2019;06:18;Pouso;Nenhum
AVISTAMENTO;;SBKP;06/09/2019;07:35;Revisão de pista;Nenhum
AVISTAMENTO;;SBKP;06/09/2019;07:30;Revisão de pista;Nenhum
AVISTAMENTO;;SBKP;06/09/2019;16:22;Revisão de pista;Nenhum
AVISTAMENTO;;SBKP;06/09/2019;07:40;Revisão de pista;Nenhum
AVISTAMENTO;;SBKP;06/09/2019;09:30;Revisão de pista;Nenhum
AVISTAMENTO;;SBSP;06/09/2019;16:12;Revisão de pista;Nenhum
QUASE COLISÃO;FAB2020;SBBE;06/09/2019;09:00;Decolagem;outros
AVISTAMENTO;PTXPL;SBJP;06/09/2019;19:08;Táxi;Nenhum
AVISTAMENTO;;SBBE;06/09/2019;08:40;Revisão de pista;Nenhum
AVISTAMENTO;1948;SBYS;05/09/2019;13:45;Inspeção de trânsito/intervoo;Nenhum
AVISTAMENTO;TAM3456;SBRB;05/09/2019;01:53;Subida;Nenhum
QUASE COLISÃO;FAB1341;SBYS;05/09/2019;11:00;Decolagem;outros
AVISTAMENTO;;SBCB;05/09/2019;00:23;Revisão de pista;Nenhum
AVISTAMENTO;JOKER14;SBKG;05/09/2019;09:20;Aproximação;Nenhum
AVISTAMENTO;FAB1967;SBYS;05/09/2019;14:45;Pouso;Nenhum
AVISTAMENTO;FAB1378;SBYS;05/09/2019;12:30;Aproximação;Nenhum
AVISTAMENTO;;SBSP;05/09/2019;16:40;Revisão de pista;Nenhum
AVISTAMENTO;;SBMT;05/09/2019;12:30;Revisão de pista;Nenhum
AVISTAMENTO;FAB2347;SBNT;05/09/2019;06:45;Decolagem;Nenhum
AVISTAMENTO;PRYYF;SBRF;05/09/2019;11:53;Decolagem;Nenhum
AVISTAMENTO;;SBSP;04/09/2019;16:00;Revisão de pista;Nenhum
AVISTAMENTO;5054;SBES;04/09/2019;09:50;Decolagem;Nenhum
AVISTAMENTO;;SBPA;04/09/2019;07:36;Revisão de pista;Nenhum
AVISTAMENTO;;SBKP;04/09/2019;21:27;Revisão de pista;Nenhum
QUASE COLISÃO;;SBPV;04/09/2019;11:15;Decolagem;outros
AVISTAMENTO;;SBPS;04/09/2019;01:58;Revisão de pista;Nenhum
AVISTAMENTO;;SBPV;04/09/2019;13:00;Aproximação;Nenhum
AVISTAMENTO;PRZGS;SBIL;04/09/2019;08:48;Pouso;outros
AVISTAMENTO;N1008;SBES;04/09/2019;15:00;Decolagem;Nenhum
AVISTAMENTO;;SBBE;04/09/2019;10:40;Revisão de pista;Nenhum
AVISTAMENTO;4001;SBES;04/09/2019;11:42;Táxi;Nenhum
QUASE COLISÃO;5041;SBES;03/09/2019;14:20;Pouso;outros
QUASE COLISÃO;PRSEF;9PCO;03/09/2019;07:45;Aproximação;outros
QUASE COLISÃO;7810;SBSM;03/09/2019;16:37;Pouso;Desestabilização na aproximação
AVISTAMENTO;FAB5952;SBNT;03/09/2019;11:00;Aproximação;Nenhum
AVISTAMENTO;PTJOM;SBPR;03/09/2019;12:53;Aproximação;Nenhum
AVISTAMENTO;FAB5723;SBPV;03/09/2019;16:40;Aproximação;Nenhum
AVISTAMENTO;;SBNT;03/09/2019;08:00;Táxi;Nenhum
QUASE COLISÃO;;SBPV;03/09/2019;16:00;Pouso;Desestabilização na aproximação
AVISTAMENTO;PRAQN;SBMK;03/09/2019;19:20;Táxi;Nenhum
AVISTAMENTO;PRJIJ;SBPJ;02/09/2019;11:10;Táxi;Nenhum
AVISTAMENTO;PRMSD;SBBH;02/09/2019;11:05;Aproximação;Nenhum
AVISTAMENTO;PRYRX;SBKP;02/09/2019;21:44;Revisão de pista;Nenhum
AVISTAMENTO;;SBKP;02/09/2019;05:37;Revisão de pista;Nenhum
AVISTAMENTO;;SBBR;02/09/2019;08:15;Pouso;Nenhum
AVISTAMENTO;PRAIV;SBKP;02/09/2019;06:38;Táxi;Nenhum
AVISTAMENTO;FAB2702;SBPS;02/09/2019;15:18;Aproximação;Nenhum
AVISTAMENTO;PRGGC;SBFZ;02/09/2019;08:44;Pouso;Nenhum
AVISTAMENTO;PTMXL;SBJP;02/09/2019;17:50;Pouso;Nenhum
AVISTAMENTO;;SBSJ;02/09/2019;06:30;Revisão de pista;Nenhum
AVISTAMENTO;;SBCO;02/09/2019;23:30;Estacionamento;Nenhum
QUASE COLISÃO;FAB2332;SBGL;02/09/2019;15:55;Aproximação;Desestabilização na aproximação
AVISTAMENTO;FAB2285;SBNT;02/09/2019;09:15;Decolagem;Nenhum
AVISTAMENTO;;SBSP;02/09/2019;09:08;Revisão de pista;Nenhum
AVISTAMENTO;;SBMT;02/09/2019;12:05;Revisão de pista;Não reportada
QUASE COLISÃO;;SBPV;02/09/2019;10:00;Aproximação;Desestabilização na aproximação
AVISTAMENTO;;SBPV;02/09/2019;09:50;Aproximação;Nenhum
AVISTAMENTO;;SBPV;02/09/2019;09:50;Aproximação;Nenhum
AVISTAMENTO;FAB2550;SBMN;02/09/2019;16:45;Aproximação;Nenhum
AVISTAMENTO;;SBMN;02/09/2019;17:23;Revisão de pista;Nenhum
AVISTAMENTO;PROHC;9PPH;01/09/2019;16:40;Aproximação;Nenhum
AVISTAMENTO;PRGGK;SBFL;01/09/2019;09:49;Táxi;Nenhum
AVISTAMENTO;PTSOG;SBEG;01/09/2019;14:09;Pouso;Nenhum
QUASE COLISÃO;AZU4313;SBSR;01/09/2019;18:10;Pouso;outros
AVISTAMENTO;PRMHA;SBFZ;01/09/2019;14:31;Decolagem;Nenhum
AVISTAMENTO;PRATW;SBKP;01/09/2019;23:34;Revisão de pista;Nenhum
AVISTAMENTO;;SBSP;01/09/2019;09:09;Revisão de pista;Nenhum
AVISTAMENTO;;SBMT;01/09/2019;12:30;Revisão de pista;Não reportada
QUASE COLISÃO;PRAUK;SBRP;01/09/2019;04:55;Pouso;Nenhum
AVISTAMENTO;PTB2366;SBRP;31/08/2019;11:56;Aproximação;Não reportada
AVISTAMENTO;PPMKT;SBCG;31/08/2019;09:42;Aproximação;Nenhum
COLISÃO;2893;SBYS;30/08/2019;08:30;Estacionamento;Decolagem abortada,outros
AVISTAMENTO;;SBSP;30/08/2019;10:18;Revisão de pista;Nenhum
AVISTAMENTO;;SBKP;30/08/2019;15:15;Revisão de pista;Nenhum
AVISTAMENTO;FAB1925;SBYS;30/08/2019;10:00;Aproximação;Nenhum
AVISTAMENTO;PPLFV;SBEG;29/08/2019;08:08;Táxi;Nenhum
AVISTAMENTO;PRBAP;SBBV;29/08/2019;09:15;Pouso;Não reportada
AVISTAMENTO;PPBGG;SBPJ;29/08/2019;16:19;Aproximação;Nenhum
AVISTAMENTO;PRSMR;SBSJ;29/08/2019;17:26;Pouso;Pouso de precaução
AVISTAMENTO;PRMBN;SBGR;29/08/2019;19:50;Táxi;Nenhum
AVISTAMENTO;FAB4849;SBAN;29/08/2019;11:20;Aproximação;Nenhum
QUASE COLISÃO;2285;SBNT;29/08/2019;07:40;Pouso;outros
AVISTAMENTO;;SBSP;29/08/2019;09:25;Revisão de pista;Nenhum
AVISTAMENTO;PRMTX;SBKG;28/08/2019;13:43;Aproximação;Nenhum
AVISTAMENTO;FAB7108;SBNT;28/08/2019;07:42;Aproximação;Não reportada
AVISTAMENTO;FAB4871;SBAN;28/08/2019;10:20;Decolagem;Nenhum
AVISTAMENTO;PROHA;9PML;28/08/2019;12:08;Pouso;Nenhum
AVISTAMENTO;;SBLO;28/08/2019;12:10;Revisão de pista;Não reportada
AVISTAMENTO;FAB4849;SBAN;28/08/2019;11:20;Aproximação;Nenhum
AVISTAMENTO;PRBBD;SBBR;28/08/2019;15:40;Aproximação;Nenhum
AVISTAMENTO;;SBSP;28/08/2019;17:02;Revisão de pista;Nenhum
AVISTAMENTO;;SBBE;28/08/2019;14:15;Revisão de pista;Nenhum
AVISTAMENTO;PRYRW;SBKP;28/08/2019;06:29;Revisão de pista;Nenhum
AVISTAMENTO;;SBMT;28/08/2019;13:29;Revisão de pista;Nenhum
QUASE COLISÃO;3034;SBES;28/08/2019;15:30;Aproximação;Desestabilização na aproximação
AVISTAMENTO;AZU2741;SBSN;27/08/2019;01:49;Táxi;Nenhum
AVISTAMENTO;;SBGL;26/08/2019;12:00;Revisão de pista;Nenhum
AVISTAMENTO;2347;SBNT;26/08/2019;11:30;Aproximação;Nenhum
AVISTAMENTO;PTMXJ;SBPA;26/08/2019;13:21;Pouso;Não reportada
AVISTAMENTO;;SBSP;26/08/2019;08:47;Revisão de pista;Nenhum
AVISTAMENTO;;SBSP;26/08/2019;15:51;Revisão de pista;Nenhum
AVISTAMENTO;;SBMT;26/08/2019;12:24;Revisão de pista;Não reportada
AVISTAMENTO;;SBMQ;25/08/2019;15:40;Revisão de pista;Nenhum
AVISTAMENTO;;SBCT;25/08/2019;21:02;Táxi;Nenhum
AVISTAMENTO;;SBRF;25/08/2019;16:00;Revisão de pista;Nenhum
AVISTAMENTO;;SBSP;25/08/2019;08:06;Revisão de pista;Nenhum
AVISTAMENTO;;SBSP;25/08/2019;16:15;Revisão de pista;Não reportada
AVISTAMENTO;PRUJM;SBRP;22/08/2019;08:23;Pouso;Nenhum
AVISTAMENTO;PTWSP;SBRP;22/08/2019;09:39;Decolagem;Nenhum
AVISTAMENTO;;SBCR;22/08/2019;06:30;Revisão de pista;Nenhum
AVISTAMENTO;GLO2114;SBGL;21/08/2019;12:55;Subida;Nenhum
AVISTAMENTO;;SBEG;21/08/2019;14:00;Aproximação;Não reportada
AVISTAMENTO;;SHJP;20/08/2019;08:13;Revisão de pista;Nenhum
QUASE COLISÃO;7109;SBNT;20/08/2019;13:00;Aproximação;Nenhum
AVISTAMENTO;;SBSP;20/08/2019;10:31;Revisão de pista;Nenhum
AVISTAMENTO;;SBSP;20/08/2019;15:37;Revisão de pista;Nenhum
AVISTAMENTO;;SBSP;19/08/2019;10:29;Revisão de pista;Nenhum
AVISTAMENTO;PROMQ;SBME;19/08/2019;10:20;Subida;Não reportada
AVISTAMENTO;AZU5066;SBBV;19/08/2019;16:35;Aproximação;Nenhum
AVISTAMENTO;;SBMQ;19/08/2019;18:22;Revisão de pista;Não reportada
QUASE COLISÃO;PPITZ;SWCA;19/08/2019;11:05;Pouso;Desestabilização na aproximação
AVISTAMENTO;3034;SBES;19/08/2019;17:00;Cruzeiro;Nenhum
AVISTAMENTO;;SBRF;18/08/2019;06:00;Revisão de pista;Nenhum
AVISTAMENTO;PRBUS;SBBH;18/08/2019;12:00;Aproximação;Não reportada
AVISTAMENTO;PRRDM;SBBH;18/08/2019;13:24;Aproximação;Nenhum
COLISÃO;;SBEG;18/08/2019;08:55;Revisão de pista;Nenhum
AVISTAMENTO;;SBRJ;18/08/2019;06:36;Aproximação;Nenhum
AVISTAMENTO;;SBSP;18/08/2019;08:26;Revisão de pista;Nenhum
AVISTAMENTO;;SBSP;18/08/2019;16:20;Revisão de pista;Nenhum
AVISTAMENTO;;SBCT;18/08/2019;20:46;Revisão de pista;Nenhum
AVISTAMENTO;PRYYB;SBKP;18/08/2019;21:32;Revisão de pista;Nenhum
COLISÃO;5933;SBCC;17/08/2019;13:05;Subida;Pouso de precaução
AVISTAMENTO;PRUNI;SBJR;17/08/2019;14:00;Aproximação;Nenhum
AVISTAMENTO;;SBSP;17/08/2019;09:41;Revisão de pista;Nenhum
AVISTAMENTO;;SBSP;17/08/2019;16:30;Revisão de pista;Nenhum
AVISTAMENTO;;SBKP;17/08/2019;10:16;Revisão de pista;Nenhum
AVISTAMENTO;;SBMQ;16/08/2019;06:30;Revisão de pista;Nenhum
QUASE COLISÃO;2312;SBNT;16/08/2019;12:00;Aproximação;Desestabilização na aproximação
AVISTAMENTO;2318;SBNT;16/08/2019;15:10;Aproximação;Nenhum
AVISTAMENTO;;SBCT;16/08/2019;10:40;Revisão de pista;Nenhum
AVISTAMENTO;;SBSV;16/08/2019;13:30;Revisão de pista;Nenhum
AVISTAMENTO;;SBCI;15/08/2019;11:15;Aproximação;Nenhum
AVISTAMENTO;AZU5317;SBSL;15/08/2019;11:11;Aproximação;Nenhum
COLISÃO;2708;SBSM;15/08/2019;09:52;Decolagem;Decolagem abortada
AVISTAMENTO;;SBJU;15/08/2019;09:48;Revisão de pista;Nenhum
AVISTAMENTO;;SBLO;15/08/2019;14:30;Revisão de pista;Nenhum
AVISTAMENTO;PTODV;SBBH;15/08/2019;12:55;Aproximação;Nenhum
AVISTAMENTO;PRGOR;SBNF;15/08/2019;20:02;Decolagem;Nenhum
AVISTAMENTO;;SBSP;15/08/2019;08:48;Revisão de pista;Nenhum
AVISTAMENTO;PTWFY;SBBH;14/08/2019;11:10;Aproximação;Não reportada
AVISTAMENTO;FAB4825;SBAN;14/08/2019;09:00;Pouso;Nenhum
AVISTAMENTO;FAB2347;SBNT;14/08/2019;13:20;NBA;Nenhum
AVISTAMENTO;3034;SBES;14/08/2019;11:00;Aproximação;Nenhum
AVISTAMENTO;;SBSP;14/08/2019;10:35;Revisão de pista;Nenhum
AVISTAMENTO;;SBMT;14/08/2019;12:17;Revisão de pista;Nenhum
AVISTAMENTO;PTOGT;SBSV;13/08/2019;09:12;Táxi;Nenhum
AVISTAMENTO;PRETL;SBBH;13/08/2019;09:00;Pouso;Nenhum
AVISTAMENTO;AZU5726;SBRF;13/08/2019;11:48;Táxi;Não reportada
COLISÃO;;SBRJ;13/08/2019;11:53;Revisão de pista;Nenhum
AVISTAMENTO;PTJOB;SBBH;13/08/2019;15:00;Aproximação;Não reportada
AVISTAMENTO;PTOGR;SBSV;13/08/2019;09:12;Táxi;Nenhum
AVISTAMENTO;PRNLX;SBCB;13/08/2019;13:23;Decolagem;Nenhum
AVISTAMENTO;;SBSP;13/08/2019;09:33;Revisão de pista;Nenhum
AVISTAMENTO;;SBSP;13/08/2019;15:09;Revisão de pista;Nenhum
QUASE COLISÃO;FAB4869;SBMN;13/08/2019;11:40;Decolagem;outros
AVISTAMENTO;;SBBE;13/08/2019;08:10;Revisão de pista;Nenhum
AVISTAMENTO;;SBBE;13/08/2019;08:10;Revisão de pista;Nenhum
AVISTAMENTO;;SBBE;13/08/2019;08:10;Revisão de pista;Nenhum
QUASE COLISÃO;4009;SBES;12/08/2019;15:00;Aproximação;Desestabilização na aproximação
AVISTAMENTO;PRBGT;SBCB;12/08/2019;10:15;Táxi;Nenhum
AVISTAMENTO;PRBGT;SBCB;12/08/2019;10:18;Táxi;Nenhum
AVISTAMENTO;PPSSM;SBFL;12/08/2019;13:28;Decolagem;Nenhum
AVISTAMENTO;FAB4870;SBAN;12/08/2019;11:30;Pouso;Nenhum
QUASE COLISÃO;FAB4870;SBAN;12/08/2019;11:25;Descida;Nenhum
AVISTAMENTO;FAB4846;SBAN;12/08/2019;11:20;Descida;Nenhum
AVISTAMENTO;PRAUB;SBCT;12/08/2019;19:33;Táxi;Nenhum
AVISTAMENTO;;SBSP;12/08/2019;16:44;Revisão de pista;Nenhum
QUASE COLISÃO;PPAMV;SBEG;12/08/2019;10:30;Aproximação;Nenhum
QUASE COLISÃO;FAB2300;SNMZ;12/08/2019;08:20;Aproximação;Desestabilização na aproximação
AVISTAMENTO;PRGOP;SBRF;12/08/2019;15:06;Estacionamento;Nenhum
AVISTAMENTO;4009;SBES;12/08/2019;16:30;Táxi;Não reportada
AVISTAMENTO;FAB5928;SBPV;12/08/2019;08:00;Decolagem;Nenhum
AVISTAMENTO;;SBCR;12/08/2019;01:50;Revisão de pista;Nenhum
AVISTAMENTO;FAB5958;SBNT;12/08/2019;08:30;Decolagem;Nenhum
AVISTAMENTO;;SBVT;12/08/2019;20:50;Inspeção de trânsito/intervoo;Nenhum
AVISTAMENTO;;SBRF;11/08/2019;06:00;Revisão de pista;Nenhum
AVISTAMENTO;PTOOV;SBBH;11/08/2019;13:24;Aproximação;Nenhum
AVISTAMENTO;PTWSP;SBRP;11/08/2019;12:28;Pouso;Nenhum
AVISTAMENTO;PTB2364;SBRP;11/08/2019;12:31;Decolagem;Nenhum
AVISTAMENTO;;SBRF;11/08/2019;14:00;Revisão de pista;Nenhum
AVISTAMENTO;PTWSP;SBRP;11/08/2019;12:28;Aproximação;Desestabilização na aproximação
AVISTAMENTO;;SBMQ;11/08/2019;16:11;Revisão de pista;Nenhum
AVISTAMENTO;;SBSP;11/08/2019;08:47;Revisão de pista;Nenhum
AVISTAMENTO;NIL;SBRJ;11/08/2019;06:40;Descida;Nenhum
AVISTAMENTO;;SBSP;11/08/2019;16:08;Revisão de pista;Nenhum
AVISTAMENTO;;SBRF;10/08/2019;06:00;Revisão de pista;Nenhum
AVISTAMENTO;PRGEH;SBKG;10/08/2019;02:00;Pouso;Nenhum
AVISTAMENTO;;SBPB;10/08/2019;07:10;Estacionamento;Nenhum
AVISTAMENTO;;SBKP;10/08/2019;19:45;Revisão de pista;Nenhum
AVISTAMENTO;;SBSP;10/08/2019;09:00;Revisão de pista;Nenhum
AVISTAMENTO;;SBMT;10/08/2019;13:05;Revisão de pista;Nenhum
AVISTAMENTO;AZU4078;SBCF;10/08/2019;08:47;Revisão de pista;outros
AVISTAMENTO;PRAVB;SBCF;10/08/2019;20:33;Pouso;Nenhum
QUASE COLISÃO;FAB5901;SBNT;10/08/2019;12:40;Decolagem;outros
AVISTAMENTO;FAB5901;SNXX;10/08/2019;11:20;NBA;outros
AVISTAMENTO;;SBRF;09/08/2019;06:00;Revisão de pista;Nenhum
AVISTAMENTO;PRRSV;9PBT;09/08/2019;07:34;Aproximação;Desestabilização na aproximação
AVISTAMENTO;;SBBH;09/08/2019;09:32;NBA;Não reportada
AVISTAMENTO;;SBCB;09/08/2019;08:55;Pouso;Nenhum
AVISTAMENTO;PRAXO;SBFN;09/08/2019;11:18;Pouso;Nenhum
QUASE COLISÃO;;SBBH;09/08/2019;10:32;NBA;outros
AVISTAMENTO;2318;SBNT;09/08/2019;09:55;NBA;outros
AVISTAMENTO;PTMXN;SBRF;09/08/2019;11:10;Estacionamento;Nenhum
AVISTAMENTO;2318;SBNT;09/08/2019;10:55;Táxi;Nenhum
AVISTAMENTO;FAB6700;SBAN;09/08/2019;09:50;Aproximação;Nenhum
AVISTAMENTO;2313;SBNT;09/08/2019;12:00;Aproximação;Nenhum
AVISTAMENTO;;SBMQ;09/08/2019;18:00;Revisão de pista;Nenhum
COLISÃO;PRAQQ;SBUR;09/08/2019;15:32;Pouso;Nenhum
AVISTAMENTO;;SBSP;09/08/2019;16:01;Revisão de pista;Nenhum
COLISÃO;PPOGX;SBSP;09/08/2019;14:45;Aproximação;Pouso de precaução,Desestabilização na aproximação
QUASE COLISÃO;FAB5729;SBPV;09/08/2019;12:55;Aproximação;Nenhum
AVISTAMENTO;FAB1437;SBYS;09/08/2019;14:15;Táxi;Nenhum
AVISTAMENTO;FAB1416;SBYS;09/08/2019;08:20;Pouso;Nenhum
AVISTAMENTO;FAB1378;SBYS;09/08/2019;12:15;Descida;Nenhum
QUASE COLISÃO;FAB1357;SBYS;09/08/2019;13:50;Aproximação;Nenhum
AVISTAMENTO;;SBVT;09/08/2019;20:49;Inspeção de trânsito/intervoo;Nenhum
AVISTAMENTO;;SBLO;09/08/2019;11:50;Aproximação;Nenhum
AVISTAMENTO;;SBRF;08/08/2019;06:00;Revisão de pista;Nenhum
AVISTAMENTO;PROHQ;SBME;08/08/2019;09:45;Decolagem;Nenhum
AVISTAMENTO;;SBCR;08/08/2019;22:50;Revisão de pista;Nenhum
AVISTAMENTO;PRHZD;SBBH;08/08/2019;08:29;Decolagem;Nenhum
QUASE COLISÃO;FAB1438;SBYS;08/08/2019;13:50;Aproximação;Desestabilização na aproximação
AVISTAMENTO;;SBYS;08/08/2019;07:30;Revisão de pista;Nenhum
AVISTAMENTO;FAB2304;SBST;08/08/2019;11:15;Estacionamento;outros
AVISTAMENTO;2312;SBNT;08/08/2019;13:45;Aproximação;Nenhum
QUASE COLISÃO;FAB2734;SBBV;08/08/2019;08:30;Aproximação;Desestabilização na aproximação
QUASE COLISÃO;FAB4839;SBAN;08/08/2019;17:35;Subida;Nenhum
QUASE COLISÃO;PTLXY;SBJR;08/08/2019;10:33;Pouso;Desestabilização na aproximação,outros
AVISTAMENTO;FAB5928;SBPV;08/08/2019;10:00;Descida;Nenhum
QUASE COLISÃO;;SBPV;08/08/2019;08:00;Decolagem;Nenhum
AVISTAMENTO;4009;SBES;08/08/2019;11:00;Táxi;outros
AVISTAMENTO;1008;SBES;08/08/2019;08:00;Decolagem;Nenhum
AVISTAMENTO;FAB5901;SNXX;08/08/2019;09:00;NBA;Nenhum
AVISTAMENTO;;SBCB;07/08/2019;08:48;Pouso;Nenhum
AVISTAMENTO;PRCHE;SBCB;07/08/2019;11:48;Pouso;Nenhum
AVISTAMENTO;FAB1414;SBYS;07/08/2019;10:55;Táxi;Nenhum
AVISTAMENTO;;SBCR;07/08/2019;06:45;Revisão de pista;Nenhum
AVISTAMENTO;FAB4825;SBAN;07/08/2019;17:00;Aproximação;Nenhum
AVISTAMENTO;FAB5506;SBSM;07/08/2019;11:45;Cruzeiro;Nenhum
QUASE COLISÃO;2329;SBNT;07/08/2019;15:00;NBA;Nenhum
AVISTAMENTO;7203;SBES;07/08/2019;09:00;Decolagem;Nenhum
QUASE COLISÃO;FAB2304;SBST;07/08/2019;10:00;Aproximação;Desestabilização na aproximação
AVISTAMENTO;FAB2304;SBST;07/08/2019;12:00;NBA;Desestabilização na aproximação,outros
AVISTAMENTO;FAB2304;SBST;07/08/2019;17:00;Táxi;Nenhum
QUASE COLISÃO;FAB2344;SBBE;07/08/2019;12:50;Aproximação;Desestabilização na aproximação
AVISTAMENTO;;SBSP;06/08/2019;09:56;Revisão de pista;Nenhum
AVISTAMENTO;;SBMT;06/08/2019;12:42;Revisão de pista;Nenhum
AVISTAMENTO;FAB2723;SBSL;06/08/2019;14:45;Aproximação;Nenhum
AVISTAMENTO;;SBSP;06/08/2019;17:15;Revisão de pista;Nenhum
AVISTAMENTO;;SBCT;06/08/2019;18:20;Revisão de pista;Nenhum
QUASE COLISÃO;FAB2728;SBIH;06/08/2019;11:00;Aproximação;outros
QUASE COLISÃO;FAB1416;SBYS;06/08/2019;11:55;Aproximação;Desestabilização na aproximação
QUASE COLISÃO;FAB1357;SBYS;06/08/2019;09:05;Aproximação;Desestabilização na aproximação
AVISTAMENTO;;SBBE;06/08/2019;08:20;Revisão de pista;Nenhum
AVISTAMENTO;;SBBE;06/08/2019;08:20;Revisão de pista;Nenhum
QUASE COLISÃO;PRSEE;SBME;05/08/2019;08:29;Aproximação;outros
AVISTAMENTO;;SBSP;05/08/2019;08:33;Revisão de pista;Nenhum
AVISTAMENTO;PRAPF;SBSN;05/08/2019;07:20;Táxi;outros
AVISTAMENTO;7101;SBES;05/08/2019;10:00;Aproximação;Nenhum
QUASE COLISÃO;PRSHL;SBVT;05/08/2019;09:35;Aproximação;Nenhum
QUASE COLISÃO;7101;SBES;05/08/2019;10:30;Decolagem;Nenhum
AVISTAMENTO;;SBSP;05/08/2019;17:00;Revisão de pista;Nenhum
AVISTAMENTO;5901;SBNT;05/08/2019;06:00;Decolagem;Nenhum
COLISÃO;1418;SBYS;05/08/2019;15:40;Decolagem;Decolagem abortada
QUASE COLISÃO;PRSEE;SBME;05/08/2019;08:24;Pouso;Desestabilização na aproximação
AVISTAMENTO;COBRA06;SBMN;05/08/2019;08:45;Decolagem;Não reportada
QUASE COLISÃO;FAB2304;SBST;05/08/2019;14:00;Decolagem;outros
AVISTAMENTO;N1008;SBES;05/08/2019;10:25;Pouso;Nenhum
AVISTAMENTO;1008;SBES;05/08/2019;14:50;Aproximação;Nenhum
AVISTAMENTO;;SBRF;04/08/2019;16:00;Revisão de pista;Nenhum
AVISTAMENTO;;SBSP;04/08/2019;09:30;Revisão de pista;Nenhum
AVISTAMENTO;;SBCR;04/08/2019;17:25;Revisão de pista;Nenhum
AVISTAMENTO;;SBBE;04/08/2019;14:14;Revisão de pista;Nenhum
AVISTAMENTO;;SBPB;03/08/2019;07:15;Estacionamento;Nenhum
AVISTAMENTO;4009;SBES;03/08/2019;14:04;Táxi;Nenhum
AVISTAMENTO;;SBSP;03/08/2019;10:28;Revisão de pista;Nenhum
AVISTAMENTO;;SBKP;03/08/2019;06:44;Revisão de pista;Nenhum
AVISTAMENTO;;SBBE;03/08/2019;14:15;Revisão de pista;Nenhum
AVISTAMENTO;;SBBE;03/08/2019;14:15;Revisão de pista;Nenhum
AVISTAMENTO;;SBJD;02/08/2019;17:30;NBA;Não reportada
AVISTAMENTO;;SBPB;02/08/2019;14:30;Estacionamento;Nenhum
AVISTAMENTO;;SBCB;02/08/2019;11:06;Revisão de pista;Nenhum
QUASE COLISÃO;PRRSV;9PBT;02/08/2019;07:26;Pouso;Desestabilização na aproximação,outros
QUASE COLISÃO;FAB8782;SBNT;02/08/2019;14:10;Aproximação;outros
AVISTAMENTO;;SBSP;01/08/2019;16:49;Revisão de pista;Nenhum
QUASE COLISÃO;mar/54;SJRG;01/08/2019;10:00;Cruzeiro;Nenhum
AVISTAMENTO;;SBSP;01/08/2019;10:59;Revisão de pista;Nenhum
AVISTAMENTO;PRMYT;SBBV;01/08/2019;03:02;Decolagem;Nenhum
AVISTAMENTO;PRJJD;SBBH;01/08/2019;09:26;Pouso;Nenhum
QUASE COLISÃO;FAB4856;SBAN;01/08/2019;16:15;Subida;Nenhum
AVISTAMENTO;;SBKP;01/08/2019;17:54;Revisão de pista;Nenhum
AVISTAMENTO;;SBKP;01/08/2019;06:35;Revisão de pista;Nenhum
AVISTAMENTO;;SBJU;01/08/2019;09:42;Revisão de pista;Nenhum
AVISTAMENTO;3037;SBES;01/08/2019;09:30;Descida;Desestabilização na aproximação
QUASE COLISÃO;3037;SBES;01/08/2019;15:35;Aproximação;Desestabilização na aproximação
AVISTAMENTO;;SBCR;01/08/2019;06:35;Revisão de pista;Nenhum
AVISTAMENTO;;SBCR;01/08/2019;06:40;Revisão de pista;Nenhum
QUASE COLISÃO;FAB1441;SBYS;01/08/2019;11:35;Aproximação;Nenhum
AVISTAMENTO;FAB1437;SBYS;01/08/2019;14:30;Aproximação;Nenhum
AVISTAMENTO;FAB1389;SBYS;01/08/2019;12:20;Aproximação;Nenhum
AVISTAMENTO;FAB1418;SBYS;01/08/2019;12:05;Aproximação;Nenhum
QUASE COLISÃO;GAV8764;SBNT;01/08/2019;13:20;NBA;outros
QUASE COLISÃO;FAB8763;SBNT;01/08/2019;13:40;Pouso;outros
QUASE COLISÃO;FAB8764;SBNT;01/08/2019;17:10;Pouso;outros
AVISTAMENTO;FAB2341;SBBI;01/08/2019;11:10;Decolagem;Nenhum
AVISTAMENTO;1008;SBES;01/08/2019;15:50;Aproximação;Nenhum
AVISTAMENTO;;SBJU;31/07/2019;10:00;Revisão de pista;Nenhum
AVISTAMENTO;PRGUP;SBGL;31/07/2019;09:40;Subida;Nenhum
AVISTAMENTO;MAR;SBES;31/07/2019;20:00;Decolagem;Nenhum
AVISTAMENTO;MAR;SBES;31/07/2019;20:30;Decolagem;Nenhum
AVISTAMENTO;1008;SBES;31/07/2019;07:35;Decolagem;Nenhum
AVISTAMENTO;;SBSP;31/07/2019;10:07;Revisão de pista;Nenhum
AVISTAMENTO;PPERG;SBPA;31/07/2019;14:17;Pouso;Não reportada
AVISTAMENTO;PRGGD;SBPA;31/07/2019;19:57;Decolagem;Não reportada
AVISTAMENTO;;SBLO;31/07/2019;10:00;Revisão de pista;Nenhum
QUASE COLISÃO;1008;SBES;31/07/2019;16:45;Pouso;Desestabilização na aproximação
QUASE COLISÃO;1008;SBES;31/07/2019;16:50;Aproximação;Desestabilização na aproximação
AVISTAMENTO;1008;SBES;31/07/2019;16:25;Aproximação;Nenhum
AVISTAMENTO;1008;SBES;31/07/2019;16:35;Pouso;Nenhum
AVISTAMENTO;1008;SBES;31/07/2019;16:55;Aproximação;Nenhum
AVISTAMENTO;;SBSP;31/07/2019;16:43;Revisão de pista;Nenhum
AVISTAMENTO;3037;SBES;31/07/2019;10:30;Cruzeiro;Nenhum
QUASE COLISÃO;FAB1431;SBYS;31/07/2019;14:40;Decolagem;Nenhum
QUASE COLISÃO;FAB8764;SBNT;31/07/2019;13:10;NBA;outros
QUASE COLISÃO;FAB8771;SBNT;31/07/2019;13:25;NBA;outros
QUASE COLISÃO;5722;SBCG;30/07/2019;11:37;Aproximação;outros
AVISTAMENTO;4009;SBES;30/07/2019;11:13;Táxi;Nenhum
AVISTAMENTO;4009;SBES;30/07/2019;12:12;Táxi;Nenhum
AVISTAMENTO;PRGPJ;SBPJ;30/07/2019;10:02;Táxi;Nenhum
AVISTAMENTO;PRHFT;SBBH;30/07/2019;10:43;Aproximação;Nenhum
AVISTAMENTO;PRAXC;SBCB;30/07/2019;10:05;Decolagem;Nenhum
QUASE COLISÃO;PRAXL;SBSL;30/07/2019;12:00;Decolagem;Nenhum
AVISTAMENTO;7201;SBES;30/07/2019;14:30;Decolagem;Nenhum
AVISTAMENTO;;SBPS;30/07/2019;17:44;Revisão de pista;Nenhum
AVISTAMENTO;;SBSP;30/07/2019;10:28;Revisão de pista;Nenhum
QUASE COLISÃO;2723;SNCW;30/07/2019;08:40;Decolagem;outros
AVISTAMENTO;PPMMS;SDOU;30/07/2019;08:30;Decolagem;Nenhum
QUASE COLISÃO;FAB5523;SBCQ;30/07/2019;15:00;NBA;outros
AVISTAMENTO;;SBCR;30/07/2019;17:25;Revisão de pista;Nenhum
AVISTAMENTO;FAB8782;SBNT;30/07/2019;13:15;NBA;Nenhum
QUASE COLISÃO;FAB8776;SBNT;30/07/2019;13:20;NBA;outros
AVISTAMENTO;PROMT;SBME;29/07/2019;09:32;Subida;Nenhum
AVISTAMENTO;PTVLX;SBBH;29/07/2019;11:58;Aproximação;Não reportada
AVISTAMENTO;FAB2723;SBSL;29/07/2019;08:00;Decolagem;Nenhum
AVISTAMENTO;FAB2723;SBSL;29/07/2019;08:05;Decolagem;Nenhum
AVISTAMENTO;PTICR;SBPA;29/07/2019;13:35;Pouso;Não reportada
QUASE COLISÃO;2285;SBNT;29/07/2019;10:55;Decolagem;Nenhum
AVISTAMENTO;2285;SBNT;29/07/2019;11:00;Aproximação;Nenhum
AVISTAMENTO;PTMHC;SNMZ;29/07/2019;10:00;Táxi;Nenhum
AVISTAMENTO;FAB4856;SBAN;29/07/2019;12:00;Descida;Nenhum
COLISÃO;PRGGK;SBPA;29/07/2019;23:32;Pouso;Não reportada
AVISTAMENTO;;SBSP;29/07/2019;08:36;Revisão de pista;Não reportada
AVISTAMENTO;FAB2312;SBAF;29/07/2019;09:00;Subida;Nenhum
AVISTAMENTO;;SBSP;29/07/2019;16:19;Revisão de pista;Nenhum
QUASE COLISÃO;7058;SWRN;29/07/2019;16:00;Cruzeiro;outros
QUASE COLISÃO;FAB5901;SNXX;29/07/2019;13:00;Subida;outros
AVISTAMENTO;;SBCR;29/07/2019;17:35;Revisão de pista;Nenhum
AVISTAMENTO;;SBES;29/07/2019;17:10;Descida;Nenhum
AVISTAMENTO;;SBES;29/07/2019;16:00;Aproximação;Nenhum
AVISTAMENTO;;SBES;29/07/2019;17:13;Pouso;Nenhum
AVISTAMENTO;PRVBK;SBFI;29/07/2019;12:20;Táxi;Nenhum
AVISTAMENTO;PRGEI;SBIL;28/07/2019;13:00;Táxi;Nenhum
AVISTAMENTO;PRGTL;SBGL;28/07/2019;08:30;Decolagem;Nenhum
AVISTAMENTO;7101;SBES;28/07/2019;11:35;Aproximação;Desestabilização na aproximação
AVISTAMENTO;PRSEC;SBME;28/07/2019;09:15;Decolagem;Nenhum
AVISTAMENTO;PRMCE;SBBH;28/07/2019;09:51;Aproximação;Nenhum
AVISTAMENTO;PRTJM;SBSN;28/07/2019;10:10;Pouso;Nenhum
AVISTAMENTO;PRAQZ;SBKG;28/07/2019;14:12;Aproximação;Não reportada
AVISTAMENTO;;SKBP;28/07/2019;22:25;Revisão de pista;Nenhum
AVISTAMENTO;;SBAR;28/07/2019;14:28;Revisão de pista;Não reportada
QUASE COLISÃO;7803;SBSM;28/07/2019;13:30;Decolagem;Nenhum
QUASE COLISÃO;PRTTK;SWCA;28/07/2019;15:48;Decolagem;Nenhum
AVISTAMENTO;;SBSP;28/07/2019;16:39;Revisão de pista;Nenhum
AVISTAMENTO;GLO1655;SBIL;28/07/2019;09:56;Decolagem;Nenhum
AVISTAMENTO;;SBMT;27/07/2019;12:45;Revisão de pista;Nenhum
AVISTAMENTO;;SBPB;27/07/2019;07:20;Estacionamento;Nenhum
QUASE COLISÃO;PRBTT;SBIL;27/07/2019;10:50;Decolagem;outros
QUASE COLISÃO;PRBTT;SBIL;27/07/2019;11:10;Aproximação;outros
AVISTAMENTO;PRAYF;SBFN;27/07/2019;15:38;Subida;outros
AVISTAMENTO;;SBSP;27/07/2019;16:25;Revisão de pista;Nenhum
AVISTAMENTO;;SBPS;27/07/2019;08:30;Revisão de pista;Nenhum
AVISTAMENTO;7101;SBES;27/07/2019;16:00;Pouso;Nenhum
AVISTAMENTO;AZU5055;SBIL;27/07/2019;13:26;Pouso;Nenhum
AVISTAMENTO;;SBFL;27/07/2019;19:20;Revisão de pista;Não reportada
AVISTAMENTO;PTAJJ;SBPL;26/07/2019;15:39;Decolagem;Não reportada
AVISTAMENTO;PRSRT;SBBH;26/07/2019;14:40;Descida;Nenhum
COLISÃO;PRGON;SBGO;26/07/2019;08:21;Decolagem;Nenhum
AVISTAMENTO;;SBMQ;26/07/2019;16:30;Revisão de pista;Nenhum
AVISTAMENTO;;SBFL;26/07/2019;07:20;Revisão de pista;Não reportada
AVISTAMENTO;;SBCR;26/07/2019;06:30;Revisão de pista;Nenhum
AVISTAMENTO;;SBVT;26/07/2019;20:48;Inspeção de trânsito/intervoo;Nenhum
AVISTAMENTO;4009;SBES;25/07/2019;14:04;Táxi;Nenhum
COLISÃO;PRAYY;SBGL;25/07/2019;08:19;Decolagem;Pouso de precaução,Corte apagamento de motor(es)
AVISTAMENTO;4004;SBES;25/07/2019;16:43;Táxi;Nenhum
QUASE COLISÃO;PRJRY;SBSP;25/07/2019;16:55;Táxi;Não reportada
AVISTAMENTO;;SBFL;25/07/2019;16:50;Revisão de pista;Não reportada
QUASE COLISÃO;3034;SBES;25/07/2019;16:00;Decolagem;outros
AVISTAMENTO;;SBSP;25/07/2019;16:05;Revisão de pista;Nenhum
AVISTAMENTO;6053;SBGL;25/07/2019;14:00;Pouso;Nenhum
QUASE COLISÃO;3034;SBES;25/07/2019;14:30;Cruzeiro;outros
AVISTAMENTO;7101;SBES;25/07/2019;14:30;Aproximação;Nenhum
AVISTAMENTO;7104;SBES;25/07/2019;15:00;Subida;Nenhum
AVISTAMENTO;MAR;SBES;25/07/2019;13:30;Subida;Nenhum
AVISTAMENTO;MAR;SBES;25/07/2019;13:40;Aproximação;Nenhum
QUASE COLISÃO;FAB4812;SBAN;25/07/2019;11:35;Aproximação;Desestabilização na aproximação
AVISTAMENTO;N4004;SBES;25/07/2019;17:30;Aproximação;Nenhum
AVISTAMENTO;PRAXW;SBCF;25/07/2019;23:47;Decolagem;Nenhum
AVISTAMENTO;;SBES;25/07/2019;13:25;Subida;Nenhum
AVISTAMENTO;PRAQN;SBKP;24/07/2019;11:31;Revisão de pista;Nenhum
AVISTAMENTO;;SBKP;24/07/2019;09:52;Revisão de pista;Nenhum
QUASE COLISÃO;4009;SBES;24/07/2019;09:13;Táxi;Nenhum
AVISTAMENTO;PRVBO;SBPA;24/07/2019;06:27;Revisão de pista;Nenhum
AVISTAMENTO;;SBPB;24/07/2019;07:45;Revisão de pista;Nenhum
AVISTAMENTO;PROHQ;SBME;24/07/2019;09:57;Decolagem;Nenhum
QUASE COLISÃO;3037;SBES;24/07/2019;12:00;Cruzeiro;outros
COLISÃO;PRAZH;SBGL;24/07/2019;19:31;Inspeção de trânsito/intervoo;outros
COLISÃO;PRGGT;SBBR;24/07/2019;09:00;Pouso;Nenhum
AVISTAMENTO;;SBSP;24/07/2019;16:13;Revisão de pista;Nenhum
AVISTAMENTO;;SBMT;24/07/2019;12:05;Revisão de pista;Nenhum
AVISTAMENTO;MAR;SBES;24/07/2019;11:30;Aproximação;Nenhum
AVISTAMENTO;MAR;SBES;24/07/2019;06:30;Aproximação;Nenhum
AVISTAMENTO;PRNLN;SBCB;24/07/2019;10:36;Pouso;Nenhum
QUASE COLISÃO;FAB5955;SNXX;24/07/2019;10:30;Subida;outros
AVISTAMENTO;ZZZZZ;SBGR;24/07/2019;18:50;Inspeção de trânsito/intervoo;Nenhum
AVISTAMENTO;;SBES;24/07/2019;09:30;Cruzeiro;Nenhum
AVISTAMENTO;RUMBA12;SBAF;23/07/2019;12:38;Aproximação;Não reportada
AVISTAMENTO;2313;SBNT;23/07/2019;10:40;Decolagem;Nenhum
QUASE COLISÃO;FAB7101;SBBE;23/07/2019;12:00;Descida;Desestabilização na aproximação
COLISÃO;PRAYY;SBCF;23/07/2019;14:52;Pouso;Nenhum
QUASE COLISÃO;3034;SBES;23/07/2019;13:00;Subida;outros
COLISÃO;PRGXN;SBPA;23/07/2019;17:15;Pouso;Nenhum,outros
COLISÃO;5959;SBBV;23/07/2019;21:30;Pouso;Pouso de precaução
AVISTAMENTO;;SBSP;23/07/2019;09:41;Revisão de pista;Nenhum
QUASE COLISÃO;1448;SBYS;23/07/2019;14:35;Aproximação;Desestabilização na aproximação
COLISÃO;PRGGV;SBFI;23/07/2019;13:53;Pouso;Nenhum
COLISÃO;PRAKI;SBRP;23/07/2019;20:10;Pouso;Nenhum
COLISÃO;;SBSV;23/07/2019;07:00;Revisão de pista;Não reportada
AVISTAMENTO;PRGGW;SBMO;23/07/2019;05:40;Pouso;Nenhum
AVISTAMENTO;;SBBE;23/07/2019;11:03;Revisão de pista;Nenhum
AVISTAMENTO;PRJNM;SBNV;22/07/2019;11:32;Pouso;Nenhum
AVISTAMENTO;;SBRF;22/07/2019;09:00;Revisão de pista;Nenhum
AVISTAMENTO;;SBRF;22/07/2019;11:00;Revisão de pista;Nenhum
AVISTAMENTO;PRSEO;SBME;22/07/2019;14:17;Pouso;Não reportada
AVISTAMENTO;PTMHC;SNMZ;22/07/2019;10:00;Táxi;Nenhum
AVISTAMENTO;;SBMT;22/07/2019;13:07;Revisão de pista;Nenhum
AVISTAMENTO;;SBJC;22/07/2019;09:10;Revisão de pista;Nenhum
AVISTAMENTO;;SBKP;22/07/2019;21:09;Revisão de pista;Nenhum
AVISTAMENTO;FAB1443;SBYS;22/07/2019;09:00;Táxi;Nenhum
COLISÃO;;SBDN;22/07/2019;19:25;Inspeção de trânsito/intervoo;Não reportada
COLISÃO;;SBDN;22/07/2019;19:25;Inspeção de trânsito/intervoo;Não reportada
COLISÃO;PRGUE;SBJV;22/07/2019;13:15;Decolagem;Nenhum
COLISÃO;PRYRH;SBCF;22/07/2019;05:24;Pouso;Nenhum
AVISTAMENTO;2317;SBNT;21/07/2019;11:00;Aproximação;Nenhum
AVISTAMENTO;;SBRF;21/07/2019;09:00;Revisão de pista;Nenhum
COLISÃO;PRGXW;SBGL;21/07/2019;12:47;Pouso;Não reportada
COLISÃO;PRGGT;SBBR;21/07/2019;09:10;Pouso;Nenhum
COLISÃO;PRAYY;SBSG;21/07/2019;23:10;Pouso;Nenhum
COLISÃO;;SBFI;21/07/2019;16:15;Revisão de pista;Não reportada
COLISÃO;PRYRB;SBJU;20/07/2019;14:20;Decolagem;Não reportada
COLISÃO;PRMYZ;SBPS;20/07/2019;16:46;Pouso;Nenhum
COLISÃO;PRMBY;SBGR;20/07/2019;17:43;Decolagem;Pouso de precaução
COLISÃO;;SBCF;20/07/2019;13:30;Revisão de pista;Não reportada
COLISÃO;2805;SWUQ;20/07/2019;12:30;Pouso;outros
COLISÃO;PTMXN;SBGR;20/07/2019;13:25;Pouso;Não reportada
COLISÃO;PTNEV;SDAM;20/07/2019;16:30;Decolagem;Pouso de precaução
COLISÃO;PRAYY;SBSG;20/07/2019;23:05;Pouso;Nenhum
COLISÃO;PRAXN;SBRF;20/07/2019;08:48;Pouso;Nenhum
COLISÃO;PRAUM;SBRF;20/07/2019;14:35;Decolagem;Nenhum
QUASE COLISÃO;FAB5960;SBBV;19/07/2019;12:40;Aproximação;outros
AVISTAMENTO;;SBMT;19/07/2019;12:43;Revisão de pista;Nenhum
COLISÃO;PTTML;SBIL;19/07/2019;15:55;Pouso;Nenhum
COLISÃO;PRAXD;SBTE;19/07/2019;09:43;Pouso;Nenhum
COLISÃO;PRAKD;SBPA;19/07/2019;10:00;Pouso;Nenhum
COLISÃO;PRAXI;SBPA;19/07/2019;18:45;Subida;Nenhum
QUASE COLISÃO;5901;SBNT;19/07/2019;13:20;Subida;outros
QUASE COLISÃO;FAB4871;SBCO;18/07/2019;11:30;Decolagem;Nenhum
AVISTAMENTO;FAB4971;SBCO;18/07/2019;12:20;Táxi;Nenhum
AVISTAMENTO;PRWNF;SBPA;18/07/2019;18:28;Pouso;Nenhum
QUASE COLISÃO;5905;SBNT;18/07/2019;13:20;Decolagem;outros
QUASE COLISÃO;5915;SBNT;18/07/2019;08:40;Aproximação;outros
QUASE COLISÃO;5915;SBNT;18/07/2019;08:30;NBA;outros
COLISÃO;PRAQI;SBDO;18/07/2019;15:55;Decolagem;Nenhum
COLISÃO;;SBVT;18/07/2019;13:00;Revisão de pista;Nenhum
AVISTAMENTO;PRBUS;SBBH;17/07/2019;13:32;Aproximação;Nenhum
AVISTAMENTO;;SBPA;17/07/2019;08:50;Revisão de pista;Nenhum
AVISTAMENTO;PRHIG;SBBH;17/07/2019;14:59;Decolagem;Nenhum
AVISTAMENTO;;SBBV;17/07/2019;11:20;Decolagem;Nenhum
COLISÃO;;SBNF;17/07/2019;15:25;Revisão de pista;Nenhum
AVISTAMENTO;;SBSP;17/07/2019;09:56;Revisão de pista;Nenhum
COLISÃO;PRGXP;SBFZ;17/07/2019;12:00;Descida;Nenhum
COLISÃO;PRGXE;SBFZ;17/07/2019;12:00;Estacionamento;Nenhum
AVISTAMENTO;;SBSP;17/07/2019;16:25;Revisão de pista;Nenhum
QUASE COLISÃO;5919;SBNT;17/07/2019;13:30;Decolagem;outros
AVISTAMENTO;7103;SBES;16/07/2019;06:00;Decolagem;Nenhum
AVISTAMENTO;;SBCO;16/07/2019;15:39;Táxi;Nenhum
AVISTAMENTO;PRSHM;SBBH;16/07/2019;13:45;Aproximação;Nenhum
COLISÃO;PTXPF;SBMO;16/07/2019;17:17;Pouso;Nenhum
AVISTAMENTO;;SBMT;16/07/2019;12:28;Revisão de pista;Nenhum
AVISTAMENTO;;SBSP;16/07/2019;09:29;Revisão de pista;Nenhum
COLISÃO;;SBSP;16/07/2019;12:35;Pouso;Nenhum
COLISÃO;PRGGF;SBGL;16/07/2019;05:50;Pouso;Nenhum
AVISTAMENTO;;SBSP;16/07/2019;17:36;Revisão de pista;Nenhum
COLISÃO;PRGXM;SBSP;16/07/2019;12:40;Pouso;Nenhum
AVISTAMENTO;;SBBV;16/07/2019;13:00;Aproximação;Nenhum
AVISTAMENTO;;SBBH;15/07/2019;10:10;Aproximação;Nenhum
QUASE COLISÃO;FAB5539;SBSM;15/07/2019;08:00;Decolagem;Nenhum
COLISÃO;PRAUI;SBFN;15/07/2019;10:35;Pouso;Nenhum
AVISTAMENTO;PTOMQ;SBME;15/07/2019;12:05;Aproximação;Nenhum
COLISÃO;PTXPB;SBMO;15/07/2019;19:28;Decolagem;Nenhum
AVISTAMENTO;;SBMQ;15/07/2019;07:20;Revisão de pista;Nenhum
COLISÃO;PRAXX;SBFI;15/07/2019;16:01;Pouso;Nenhum
AVISTAMENTO;;SBSP;15/07/2019;09:43;Revisão de pista;Nenhum
AVISTAMENTO;;SBSP;15/07/2019;17:35;Revisão de pista;Nenhum
QUASE COLISÃO;3037;SBES;15/07/2019;10:00;Aproximação;Desestabilização na aproximação
QUASE COLISÃO;3037;SBES;15/07/2019;15:50;Aproximação;Desestabilização na aproximação
COLISÃO;PRAXP;SBFI;15/07/2019;15:55;Pouso;Nenhum
COLISÃO;2807;SBCG;15/07/2019;09:30;Decolagem;outros
COLISÃO;PTXPQ;SBPA;15/07/2019;17:17;Decolagem;Nenhum
COLISÃO;;SBVT;15/07/2019;15:10;Inspeção de trânsito/intervoo;Nenhum
AVISTAMENTO;;SBSP;14/07/2019;16:06;Revisão de pista;Nenhum
AVISTAMENTO;PRSEE;SBME;14/07/2019;10:05;Aproximação;Nenhum
AVISTAMENTO;9428;SBPA;14/07/2019;18:10;Táxi;Nenhum
AVISTAMENTO;;SBMT;14/07/2019;12:10;Revisão de pista;Não reportada
AVISTAMENTO;;SBSP;14/07/2019;09:29;Revisão de pista;Nenhum
AVISTAMENTO;;SBRF;13/07/2019;11:00;Revisão de pista;Nenhum
AVISTAMENTO;;SBRF;13/07/2019;16:00;Revisão de pista;Nenhum
AVISTAMENTO;;SBRF;13/07/2019;18:00;Revisão de pista;Nenhum
AVISTAMENTO;;SBSP;13/07/2019;09:00;Revisão de pista;Nenhum
COLISÃO;PRAXI;SBGR;13/07/2019;10:45;Pouso;Nenhum
COLISÃO;;SBCT;13/07/2019;10:00;Revisão de pista;Nenhum
COLISÃO;PRGUL;SBVT;13/07/2019;22:16;Pouso;Nenhum
QUASE COLISÃO;FAB5959;SBBV;12/07/2019;10:30;Aproximação;outros
AVISTAMENTO;5947;SBNT;12/07/2019;08:30;Subida;Nenhum
AVISTAMENTO;FAB2591;SBFL;12/07/2019;14:50;Aproximação;Não reportada
COLISÃO;;SBCF;12/07/2019;14:47;Decolagem;Não reportada
AVISTAMENTO;;SBMQ;12/07/2019;20:00;Revisão de pista;Nenhum
COLISÃO;PRMBV;SBCF;12/07/2019;14:45;Decolagem;Não reportada
AVISTAMENTO;;SBSP;12/07/2019;15:50;Revisão de pista;Nenhum
AVISTAMENTO;;SBBV;12/07/2019;10:10;Subida;Nenhum
COLISÃO;PRGTO;SBVT;12/07/2019;00:10;Estacionamento;Nenhum
AVISTAMENTO;AZU4289;SBPJ;11/07/2019;04:10;Táxi;Nenhum
AVISTAMENTO;PROMQ;SBME;11/07/2019;11:24;Aproximação;Nenhum
AVISTAMENTO;;SBRF;11/07/2019;11:00;Revisão de pista;Nenhum
COLISÃO;PRXFC;SBMT;11/07/2019;12:00;Inspeção de trânsito/intervoo;Nenhum
AVISTAMENTO;FAB7101;SBBE;11/07/2019;15:30;Descida;Nenhum
QUASE COLISÃO;N4009;SBES;11/07/2019;10:00;Decolagem;outros
AVISTAMENTO;;SBSJ;11/07/2019;19:00;Estacionamento;Nenhum
AVISTAMENTO;;SBKP;11/07/2019;18:13;Revisão de pista;Nenhum
COLISÃO;2523;SBGL;11/07/2019;13:00;Decolagem;Nenhum
COLISÃO;PRGXV;SBPA;11/07/2019;10:32;Pouso;Nenhum
COLISÃO;PRAQA;SBSR;11/07/2019;00:21;Pouso;Nenhum
COLISÃO;PRGZH;SBFZ;10/07/2019;09:25;Estacionamento;Nenhum
COLISÃO;PRGZH;SBSL;10/07/2019;06:26;Decolagem;Não reportada
AVISTAMENTO;PRAUA;SBCF;10/07/2019;10:33;Aproximação;Nenhum
AVISTAMENTO;PRGGM;SBFI;10/07/2019;05:20;Táxi;Nenhum
QUASE COLISÃO;5534;SBSM;10/07/2019;13:30;Decolagem;outros
QUASE COLISÃO;FAB5901;SBNT;10/07/2019;15:50;NBA;outros
COLISÃO;5732;SBPV;10/07/2019;10:20;Aproximação;Pouso de precaução
AVISTAMENTO;;SBPB;10/07/2019;17:00;Revisão de pista;Nenhum
AVISTAMENTO;PRGUE;SBPA;10/07/2019;18:38;Táxi;Nenhum
COLISÃO;PRMYC;SBJV;10/07/2019;14:00;Pouso;Nenhum
QUASE COLISÃO;FAB5944;SBPV;10/07/2019;15:10;Aproximação;Desestabilização na aproximação
COLISÃO;PRRMY;SBPR;10/07/2019;17:00;Pouso;Nenhum
AVISTAMENTO;;SBSP;10/07/2019;16:31;Revisão de pista;Nenhum
COLISÃO;;SBSP;10/07/2019;10:25;Revisão de pista;Nenhum
COLISÃO;PRAXO;SBSL;10/07/2019;08:40;Pouso;Nenhum
COLISÃO;PRAXO;SBFZ;10/07/2019;10:26;Pouso;Nenhum
COLISÃO;PRAQT;SBUL;09/07/2019;00:26;Pouso;Nenhum
AVISTAMENTO;;SBRF;09/07/2019;06:00;Revisão de pista;Nenhum
AVISTAMENTO;PRJAV;SBSL;09/07/2019;10:41;Decolagem;Nenhum
AVISTAMENTO;;SBBH;09/07/2019;13:08;Aproximação;Nenhum
COLISÃO;PRGED;SBFN;09/07/2019;16:00;Táxi;Nenhum
AVISTAMENTO;FAB2285;SBNT;09/07/2019;10:20;Aproximação;Nenhum
AVISTAMENTO;PRVSA;SBBH;09/07/2019;17:43;Táxi;Nenhum
COLISÃO;PRGZH;SBBR;09/07/2019;10:50;Decolagem;Nenhum
COLISÃO;PRAXN;SBBE;09/07/2019;08:27;Subida;Nenhum
AVISTAMENTO;FAB5902;SBNT;09/07/2019;10:50;Táxi;Nenhum
AVISTAMENTO;2318;SBNT;08/07/2019;09:20;Cruzeiro;Nenhum
QUASE COLISÃO;5906;SBNT;08/07/2019;08:00;Aproximação;outros
AVISTAMENTO;;SBNT;08/07/2019;10:00;Cruzeiro;Nenhum
AVISTAMENTO;PTIKQ;SBBH;08/07/2019;13:29;Descida;Nenhum
AVISTAMENTO;;SBPB;08/07/2019;18:00;Revisão de pista;Nenhum
AVISTAMENTO;GLO2185;SBGL;08/07/2019;11:59;Descida;Nenhum
COLISÃO;;SBPS;08/07/2019;18:00;Revisão de pista;Não reportada
AVISTAMENTO;;SBJU;08/07/2019;18:55;Revisão de pista;Nenhum
QUASE COLISÃO;FAB4812;SBAN;08/07/2019;12:15;Pouso;Desestabilização na aproximação
AVISTAMENTO;PRGYD;SBGL;08/07/2019;15:02;Táxi;Nenhum
AVISTAMENTO;PRGEE;SBGR;08/07/2019;16:42;Aproximação;Nenhum
COLISÃO;PTXPQ;SBCT;08/07/2019;10:24;Decolagem;Nenhum
AVISTAMENTO;FAB5901;SBNT;08/07/2019;12:00;Inspeção de trânsito/intervoo;Nenhum
AVISTAMENTO;;SBSP;08/07/2019;16:09;Revisão de pista;Nenhum
COLISÃO;PRGGX;SBPA;08/07/2019;08:36;Pouso;Nenhum
COLISÃO;PRAUB;SBSN;08/07/2019;23:23;Pouso;Nenhum
COLISÃO;PRAXX;SBBE;08/07/2019;14:35;Pouso;Nenhum
COLISÃO;2807;SBCG;08/07/2019;09:30;NBA;Nenhum
AVISTAMENTO;;SBPL;07/07/2019;10:08;Revisão de pista;Nenhum
COLISÃO;;SBNF;07/07/2019;19:15;Revisão de pista;Nenhum
COLISÃO;TAM3684;SBRB;07/07/2019;23:50;Pouso;Nenhum
COLISÃO;PRGTT;SBAR;07/07/2019;19:42;Pouso;Nenhum
COLISÃO;PRGUE;SBFI;07/07/2019;13:40;Decolagem;Nenhum
AVISTAMENTO;PRBBD;SBRJ;07/07/2019;09:34;Aproximação;Nenhum
AVISTAMENTO;PREFX;SBMI;07/07/2019;14:44;Decolagem;Nenhum
AVISTAMENTO;2734;SBMN;07/07/2019;14:00;Pouso;Pouso de precaução
COLISÃO;PTMXE;SBGR;07/07/2019;17:47;Decolagem;Não reportada
QUASE COLISÃO;PREFX;SBMI;07/07/2019;14:45;Decolagem;Desestabilização na aproximação
AVISTAMENTO;;SBMT;07/07/2019;13:32;Revisão de pista;Nenhum
AVISTAMENTO;PTJAA;SBSP;06/07/2019;10:07;Táxi;Nenhum
AVISTAMENTO;PREFX;9PDV;06/07/2019;08:30;Decolagem;outros
AVISTAMENTO;PRSEE;SBME;06/07/2019;14:00;Aproximação;Nenhum
AVISTAMENTO;;SBRF;06/07/2019;16:00;Revisão de pista;Nenhum
COLISÃO;PRGXN;SBBE;06/07/2019;05:13;Aproximação;Nenhum
QUASE COLISÃO;FAB5539;SBSM;06/07/2019;07:45;Decolagem;outros
AVISTAMENTO;;SBFS;06/07/2019;15:33;Revisão de pista;Nenhum
AVISTAMENTO;;SBSP;06/07/2019;16:31;Revisão de pista;Nenhum
AVISTAMENTO;5039;SBLO;06/07/2019;12:00;Cruzeiro;Nenhum
COLISÃO;PRGXD;SBFL;06/07/2019;15:22;Decolagem;Não reportada
QUASE COLISÃO;PRSEF;9PIX;05/07/2019;07:30;Pouso;Desestabilização na aproximação
AVISTAMENTO;PPPTO;SBRP;05/07/2019;12:05;Pouso;Não reportada
AVISTAMENTO;FAB2318;SBNT;05/07/2019;14:00;NBA;Nenhum
COLISÃO;;SBSM;05/07/2019;10:00;Revisão de pista;Nenhum
COLISÃO;PTWSA;SBBI;05/07/2019;15:41;Decolagem;Nenhum
AVISTAMENTO;FAB5915;SBNT;05/07/2019;09:40;NBA;Nenhum
AVISTAMENTO;;SBCB;05/07/2019;06:50;Táxi;Nenhum
AVISTAMENTO;PRMAU;SNMZ;05/07/2019;11:48;Táxi;Nenhum
COLISÃO;PRAXX;SBCT;05/07/2019;08:20;Pouso;Nenhum
AVISTAMENTO;;SBSP;05/07/2019;10:49;Revisão de pista;Nenhum
AVISTAMENTO;;SBKP;05/07/2019;20:22;Revisão de pista;Nenhum
AVISTAMENTO;;SBBV;05/07/2019;15:30;Aproximação;Nenhum
COLISÃO;PRYRN;SBPL;05/07/2019;02:20;Pouso;Nenhum
COLISÃO;PRAKL;SBRP;05/07/2019;10:28;Pouso;Nenhum
COLISÃO;PRAKL;SBKP;05/07/2019;11:56;Pouso;Nenhum
COLISÃO;PTXPO;SBGL;04/07/2019;08:40;Pouso;Nenhum
AVISTAMENTO;1022;SBES;04/07/2019;10:20;Aproximação;Desestabilização na aproximação
AVISTAMENTO;PTXIS;SBBH;04/07/2019;11:39;Pouso;Nenhum
AVISTAMENTO;;SBRF;04/07/2019;09:00;Revisão de pista;Nenhum
COLISÃO;PRKEM;SBBI;04/07/2019;18:04;Pouso;Nenhum
AVISTAMENTO;;SBRF;04/07/2019;16:00;Revisão de pista;Nenhum
COLISÃO;;SBLO;04/07/2019;09:30;Táxi;Nenhum
AVISTAMENTO;FAB2303;SBNT;04/07/2019;11:10;Subida;Nenhum
AVISTAMENTO;FAB5912;SBNT;04/07/2019;16:00;Decolagem;Nenhum
AVISTAMENTO;FAB2312;SBNT;04/07/2019;08:00;Cruzeiro;Nenhum
AVISTAMENTO;;SBMT;04/07/2019;12:15;Revisão de pista;Nenhum
COLISÃO;2336;SBSM;04/07/2019;10:00;Pouso;Nenhum
COLISÃO;PRAYV;SBGR;04/07/2019;09:39;Pouso;Nenhum
COLISÃO;PRATW;SBML;04/07/2019;14:15;Decolagem;Nenhum
COLISÃO;PRAQZ;SBCA;04/07/2019;12:55;Pouso;Nenhum
AVISTAMENTO;PRSEF;9PCI;03/07/2019;08:43;Decolagem;Nenhum
AVISTAMENTO;PROMY;SBME;03/07/2019;10:20;Aproximação;Nenhum
AVISTAMENTO;1022;SBES;03/07/2019;11:20;Pouso;Nenhum
AVISTAMENTO;PPINQ;SBBH;03/07/2019;12:14;Aproximação;Nenhum
AVISTAMENTO;FAB4826;SBAN;03/07/2019;10:55;Táxi;Nenhum
AVISTAMENTO;C98;SBSL;03/07/2019;15:00;Aproximação;Nenhum
AVISTAMENTO;;SBRF;03/07/2019;16:00;Revisão de pista;Nenhum
AVISTAMENTO;;SBSP;03/07/2019;08:43;Revisão de pista;Nenhum
AVISTAMENTO;FAB1444;SBYS;03/07/2019;10:37;Estacionamento;Nenhum
AVISTAMENTO;5703;SBYS;03/07/2019;10:56;Aproximação;Nenhum
AVISTAMENTO;FAB2339;SBNT;03/07/2019;14:20;Aproximação;Nenhum
COLISÃO;PRAYJ;SBCF;03/07/2019;17:21;Aproximação;Nenhum
QUASE COLISÃO;;SBNT;03/07/2019;11:05;Aproximação;Desestabilização na aproximação
AVISTAMENTO;;SBJU;03/07/2019;10:35;Revisão de pista;Nenhum
COLISÃO;PRGXR;SBGL;03/07/2019;14:00;Decolagem;Nenhum
QUASE COLISÃO;FAB4823;SBAN;03/07/2019;10:50;Aproximação;Desestabilização na aproximação
AVISTAMENTO;;SBMT;03/07/2019;12:32;Revisão de pista;Nenhum
COLISÃO;;SBSP;03/07/2019;08:43;Revisão de pista;Nenhum
COLISÃO;PRCRF;SBJD;03/07/2019;01:00;Aproximação;Nenhum
AVISTAMENTO;5043;SBFI;03/07/2019;14:00;Decolagem;Nenhum
QUASE COLISÃO;FAB2729;SBBE;02/07/2019;10:00;Aproximação;Desestabilização na aproximação
COLISÃO;;SBCG;02/07/2019;00:05;Revisão de pista;Não reportada
AVISTAMENTO;PPBIC;SBUR;02/07/2019;12:09;Decolagem;Nenhum
AVISTAMENTO;PAM5962;SBSN;02/07/2019;11:01;Decolagem;Nenhum
QUASE COLISÃO;FAB4870;SBAN;02/07/2019;11:00;Pouso;Desestabilização na aproximação
COLISÃO;;SBPR;02/07/2019;08:50;Inspeção de trânsito/intervoo;Nenhum
AVISTAMENTO;;SBCO;02/07/2019;12:00;Revisão de pista;Nenhum
AVISTAMENTO;;SBRF;02/07/2019;11:00;Revisão de pista;Nenhum
COLISÃO;AZU2701;SBFN;02/07/2019;15:47;Decolagem;Nenhum
COLISÃO;PRAKB;SBRF;02/07/2019;14:00;Decolagem;Nenhum
COLISÃO;5919;SBNT;02/07/2019;11:50;Aproximação;outros
COLISÃO;AZU5287;SBSL;02/07/2019;18:24;Pouso;Nenhum
QUASE COLISÃO;PPBIC;SBUR;02/07/2019;12:10;Decolagem;Nenhum
AVISTAMENTO;;SBFL;02/07/2019;20:24;Revisão de pista;Nenhum
AVISTAMENTO;;SBNT;02/07/2019;20:45;Estacionamento;Nenhum
COLISÃO;2342;SBST;02/07/2019;16:00;Pouso;Desestabilização na aproximação
AVISTAMENTO;PTXPI;SBGR;02/07/2019;20:17;Táxi;Nenhum
AVISTAMENTO;N1022;SBES;02/07/2019;11:30;Aproximação;Nenhum
COLISÃO;PRAXH;SBCF;02/07/2019;23:56;Decolagem;Nenhum
COLISÃO;2342;SBST;02/07/2019;15:05;Pouso;Nenhum
AVISTAMENTO;;SBSP;02/07/2019;09:49;Revisão de pista;Nenhum
COLISÃO;PRAKL;SBDO;02/07/2019;16:00;Decolagem;Nenhum
COLISÃO;PRAXS;SBSL;02/07/2019;18:28;Pouso;Nenhum
AVISTAMENTO;FAB2318;SBNT;02/07/2019;10:00;Aproximação;Nenhum
QUASE COLISÃO;FAB2318;SBNT;02/07/2019;13:50;Aproximação;Nenhum
COLISÃO;PRGTQ;SBPV;02/07/2019;10:52;Decolagem;Nenhum
COLISÃO;PRGTV;SBSP;02/07/2019;12:00;Inspeção de trânsito/intervoo;Nenhum
QUASE COLISÃO;5947;SBNT;02/07/2019;13:45;Aproximação;Nenhum
AVISTAMENTO;FAB5901;SBNT;02/07/2019;13:15;Aproximação;Nenhum
COLISÃO;;SBKP;02/07/2019;23:39;Revisão de pista;Nenhum
QUASE COLISÃO;FAB1386;SBYS;01/07/2019;13:40;Aproximação;outros
AVISTAMENTO;FAB1394;SBYS;01/07/2019;09:30;Aproximação;Nenhum
AVISTAMENTO;N1022;SBES;01/07/2019;09:30;Aproximação;Nenhum
QUASE COLISÃO;PRSED;9PCI;01/07/2019;16:20;Pouso;Desestabilização na aproximação
AVISTAMENTO;;SBSP;01/07/2019;16:31;Revisão de pista;Nenhum
AVISTAMENTO;4009;SBES;01/07/2019;17:25;Táxi;Nenhum
AVISTAMENTO;;SBCO;01/07/2019;14:00;Estacionamento;Nenhum
AVISTAMENTO;4009;SBES;01/07/2019;16:06;Táxi;Nenhum
AVISTAMENTO;;SBYS;01/07/2019;10:30;Estacionamento;Nenhum
QUASE COLISÃO;1944;SBYS;01/07/2019;16:00;Decolagem;Nenhum
AVISTAMENTO;FAB2318;SBNT;01/07/2019;12:45;Aproximação;Nenhum
COLISÃO;PRGEC;SWPI;01/07/2019;03:40;Pouso;Nenhum
QUASE COLISÃO;PRSED;9PCI;01/07/2019;16:20;Pouso;Nenhum
AVISTAMENTO;;SBES;01/07/2019;08:00;Decolagem;Nenhum